# kind-4 elements fixture: case, jd_tt, x, y, z (AU)
# geometric, rectangular, mean ecliptic and equinox of J2000,
# heliocentric for A-C and geocentric for D.
A      2415020.0  19.851592751566123  34.944316791608891  0.53253967449860617
A      2451545.0  -39.573290097148202  -13.124239628166436  0.22050431675528159
B      2415020.0  19.851592751566123  34.944316791608891  0.53253967449860617
B      2451545.0  -39.338213329217808  -13.812889885738342  0.22050431675528248
C      2415020.0  19.851592751566123  34.944316791608891  0.53253967449860617
C      2451545.0  -8.2609094434408874  39.618116647847238  1.0066064695059698
D      2451545.0  -0.0016295338479776211  0.0093316909951680974  0.0007170513293991679
D      2488070.0  -0.0084192795134145071  -0.0057286799424418515  8.9534596193260613e-05
